[
    {
        "model": "food.metainfo",
        "pk": 1,
        "fields": {
            "created_at": "2024-12-09T19:15:31.831Z",
            "updated_at": "2024-12-09T19:15:31.831Z",
            "energy_kj": 0.0,
            "protein_g": 0.0,
            "fat_g": 0.0,
            "fat_sat_g": 0.0,
            "sugar_g": 0.0,
            "sodium_mg": 0.0,
            "salt_g": 0.0,
            "fruit_factor": 0.0,
            "carbohydrate_g": 0.0,
            "fibre_g": 0.0,
            "fructose_g": 0.0,
            "lactose_g": 0.0,
            "nutri_points_energy_kj": 0.0,
            "nutri_points_protein_g": 0.0,
            "nutri_points_fat_sat_g": 0.0,
            "nutri_points_sugar_g": 0.0,
            "nutri_points_salt_g": 0.0,
            "nutri_points_sodium_mg": 0.0,
            "nutri_points_fibre_g": 0.0,
            "nutri_points": null,
            "nutri_class": null,
            "price_per_kg": 4.0,
            "price_eur": 0.0,
            "weight_g": 0.0,
            "volume_ml": 0.0
        }
    },
    {
        "model": "food.metainfo",
        "pk": 2,
        "fields": {
            "created_at": "2024-12-09T19:15:31.834Z",
            "updated_at": "2024-12-09T19:16:40.951Z",
            "energy_kj": 0.0,
            "protein_g": 0.0,
            "fat_g": 0.0,
            "fat_sat_g": 0.0,
            "sugar_g": 0.0,
            "sodium_mg": 0.0,
            "salt_g": 0.0,
            "fruit_factor": 0.0,
            "carbohydrate_g": 0.0,
            "fibre_g": 0.0,
            "fructose_g": 0.0,
            "lactose_g": 0.0,
            "nutri_points_energy_kj": 0.0,
            "nutri_points_protein_g": 0.0,
            "nutri_points_fat_sat_g": 0.0,
            "nutri_points_sugar_g": 0.0,
            "nutri_points_salt_g": 0.0,
            "nutri_points_sodium_mg": 0.0,
            "nutri_points_fibre_g": 0.0,
            "nutri_points": null,
            "nutri_class": null,
            "price_per_kg": 4.0,
            "price_eur": 0.004,
            "weight_g": 1.0,
            "volume_ml": 0.0
        }
    },
    {
        "model": "food.metainfo",
        "pk": 3,
        "fields": {
            "created_at": "2024-12-09T19:19:06.126Z",
            "updated_at": "2024-12-09T19:19:06.126Z",
            "energy_kj": 0.0,
            "protein_g": 0.0,
            "fat_g": 0.0,
            "fat_sat_g": 0.0,
            "sugar_g": 0.0,
            "sodium_mg": 0.0,
            "salt_g": 0.0,
            "fruit_factor": 0.0,
            "carbohydrate_g": 0.0,
            "fibre_g": 0.0,
            "fructose_g": 0.0,
            "lactose_g": 0.0,
            "nutri_points_energy_kj": 0.0,
            "nutri_points_protein_g": 0.0,
            "nutri_points_fat_sat_g": 0.0,
            "nutri_points_sugar_g": 0.0,
            "nutri_points_salt_g": 0.0,
            "nutri_points_sodium_mg": 0.0,
            "nutri_points_fibre_g": 0.0,
            "nutri_points": null,
            "nutri_class": null,
            "price_per_kg": 14.6,
            "price_eur": 0.0,
            "weight_g": 0.0,
            "volume_ml": 0.0
        }
    },
    {
        "model": "food.metainfo",
        "pk": 4,
        "fields": {
            "created_at": "2024-12-09T19:19:06.128Z",
            "updated_at": "2024-12-09T19:42:26.974Z",
            "energy_kj": 0.0,
            "protein_g": 0.0,
            "fat_g": 0.0,
            "fat_sat_g": 0.0,
            "sugar_g": 0.0,
            "sodium_mg": 0.0,
            "salt_g": 0.0,
            "fruit_factor": 0.0,
            "carbohydrate_g": 0.0,
            "fibre_g": 0.0,
            "fructose_g": 0.0,
            "lactose_g": 0.0,
            "nutri_points_energy_kj": 0.0,
            "nutri_points_protein_g": 0.0,
            "nutri_points_fat_sat_g": 0.0,
            "nutri_points_sugar_g": 0.0,
            "nutri_points_salt_g": 0.0,
            "nutri_points_sodium_mg": 0.0,
            "nutri_points_fibre_g": 0.0,
            "nutri_points": null,
            "nutri_class": null,
            "price_per_kg": 14.6,
            "price_eur": 0.0146,
            "weight_g": 1.0,
            "volume_ml": 0.0
        }
    },
    {
        "model": "food.metainfo",
        "pk": 5,
        "fields": {
            "created_at": "2024-12-09T19:20:50.087Z",
            "updated_at": "2024-12-09T19:20:50.087Z",
            "energy_kj": 0.0,
            "protein_g": 0.0,
            "fat_g": 0.0,
            "fat_sat_g": 0.0,
            "sugar_g": 0.0,
            "sodium_mg": 0.0,
            "salt_g": 0.0,
            "fruit_factor": 0.0,
            "carbohydrate_g": 0.0,
            "fibre_g": 0.0,
            "fructose_g": 0.0,
            "lactose_g": 0.0,
            "nutri_points_energy_kj": 0.0,
            "nutri_points_protein_g": 0.0,
            "nutri_points_fat_sat_g": 0.0,
            "nutri_points_sugar_g": 0.0,
            "nutri_points_salt_g": 0.0,
            "nutri_points_sodium_mg": 0.0,
            "nutri_points_fibre_g": 0.0,
            "nutri_points": null,
            "nutri_class": null,
            "price_per_kg": 1.58,
            "price_eur": 0.0,
            "weight_g": 0.0,
            "volume_ml": 0.0
        }
    },
    {
        "model": "food.metainfo",
        "pk": 6,
        "fields": {
            "created_at": "2024-12-09T19:20:50.089Z",
            "updated_at": "2024-12-09T19:43:04.957Z",
            "energy_kj": 0.0,
            "protein_g": 0.0,
            "fat_g": 0.0,
            "fat_sat_g": 0.0,
            "sugar_g": 0.0,
            "sodium_mg": 0.0,
            "salt_g": 0.0,
            "fruit_factor": 0.0,
            "carbohydrate_g": 0.0,
            "fibre_g": 0.0,
            "fructose_g": 0.0,
            "lactose_g": 0.0,
            "nutri_points_energy_kj": 0.0,
            "nutri_points_protein_g": 0.0,
            "nutri_points_fat_sat_g": 0.0,
            "nutri_points_sugar_g": 0.0,
            "nutri_points_salt_g": 0.0,
            "nutri_points_sodium_mg": 0.0,
            "nutri_points_fibre_g": 0.0,
            "nutri_points": null,
            "nutri_class": null,
            "price_per_kg": 1.58,
            "price_eur": 0.00158,
            "weight_g": 1.0,
            "volume_ml": 0.0
        }
    },
    {
        "model": "food.metainfo",
        "pk": 7,
        "fields": {
            "created_at": "2024-12-09T19:21:03.432Z",
            "updated_at": "2024-12-09T19:21:03.432Z",
            "energy_kj": 0.0,
            "protein_g": 0.0,
            "fat_g": 0.0,
            "fat_sat_g": 0.0,
            "sugar_g": 0.0,
            "sodium_mg": 0.0,
            "salt_g": 0.0,
            "fruit_factor": 0.0,
            "carbohydrate_g": 0.0,
            "fibre_g": 0.0,
            "fructose_g": 0.0,
            "lactose_g": 0.0,
            "nutri_points_energy_kj": 0.0,
            "nutri_points_protein_g": 0.0,
            "nutri_points_fat_sat_g": 0.0,
            "nutri_points_sugar_g": 0.0,
            "nutri_points_salt_g": 0.0,
            "nutri_points_sodium_mg": 0.0,
            "nutri_points_fibre_g": 0.0,
            "nutri_points": null,
            "nutri_class": null,
            "price_per_kg": 0.0,
            "price_eur": 0.0,
            "weight_g": 0.0,
            "volume_ml": 0.0
        }
    },
    {
        "model": "food.metainfo",
        "pk": 8,
        "fields": {
            "created_at": "2024-12-09T19:23:33.234Z",
            "updated_at": "2024-12-09T19:43:04.964Z",
            "energy_kj": 0.0,
            "protein_g": 0.0,
            "fat_g": 0.0,
            "fat_sat_g": 0.0,
            "sugar_g": 0.0,
            "sodium_mg": 0.0,
            "salt_g": 0.0,
            "fruit_factor": 0.0,
            "carbohydrate_g": 0.0,
            "fibre_g": 0.0,
            "fructose_g": 0.0,
            "lactose_g": 0.0,
            "nutri_points_energy_kj": 0.0,
            "nutri_points_protein_g": 0.0,
            "nutri_points_fat_sat_g": 0.0,
            "nutri_points_sugar_g": 0.0,
            "nutri_points_salt_g": 0.0,
            "nutri_points_sodium_mg": 0.0,
            "nutri_points_fibre_g": 0.0,
            "nutri_points": null,
            "nutri_class": null,
            "price_per_kg": 0.0,
            "price_eur": 1.1435,
            "weight_g": 335.0,
            "volume_ml": 0.0
        }
    },
    {
        "model": "food.metainfo",
        "pk": 9,
        "fields": {
            "created_at": "2024-12-09T19:23:55.783Z",
            "updated_at": "2024-12-09T19:24:23.402Z",
            "energy_kj": 0.0,
            "protein_g": 0.0,
            "fat_g": 0.0,
            "fat_sat_g": 0.0,
            "sugar_g": 0.0,
            "sodium_mg": 0.0,
            "salt_g": 0.0,
            "fruit_factor": 0.0,
            "carbohydrate_g": 0.0,
            "fibre_g": 0.0,
            "fructose_g": 0.0,
            "lactose_g": 0.0,
            "nutri_points_energy_kj": 0.0,
            "nutri_points_protein_g": 0.0,
            "nutri_points_fat_sat_g": 0.0,
            "nutri_points_sugar_g": 0.0,
            "nutri_points_salt_g": 0.0,
            "nutri_points_sodium_mg": 0.0,
            "nutri_points_fibre_g": 0.0,
            "nutri_points": null,
            "nutri_class": null,
            "price_per_kg": 4.0,
            "price_eur": 0.8,
            "weight_g": 200.0,
            "volume_ml": 0.0
        }
    },
    {
        "model": "food.metainfo",
        "pk": 10,
        "fields": {
            "created_at": "2024-12-09T19:24:03.798Z",
            "updated_at": "2024-12-09T19:42:26.977Z",
            "energy_kj": 0.0,
            "protein_g": 0.0,
            "fat_g": 0.0,
            "fat_sat_g": 0.0,
            "sugar_g": 0.0,
            "sodium_mg": 0.0,
            "salt_g": 0.0,
            "fruit_factor": 0.0,
            "carbohydrate_g": 0.0,
            "fibre_g": 0.0,
            "fructose_g": 0.0,
            "lactose_g": 0.0,
            "nutri_points_energy_kj": 0.0,
            "nutri_points_protein_g": 0.0,
            "nutri_points_fat_sat_g": 0.0,
            "nutri_points_sugar_g": 0.0,
            "nutri_points_salt_g": 0.0,
            "nutri_points_sodium_mg": 0.0,
            "nutri_points_fibre_g": 0.0,
            "nutri_points": null,
            "nutri_class": null,
            "price_per_kg": 14.6,
            "price_eur": 0.146,
            "weight_g": 10.0,
            "volume_ml": 0.0
        }
    },
    {
        "model": "food.metainfo",
        "pk": 11,
        "fields": {
            "created_at": "2024-12-09T19:24:10.190Z",
            "updated_at": "2024-12-09T19:43:04.960Z",
            "energy_kj": 0.0,
            "protein_g": 0.0,
            "fat_g": 0.0,
            "fat_sat_g": 0.0,
            "sugar_g": 0.0,
            "sodium_mg": 0.0,
            "salt_g": 0.0,
            "fruit_factor": 0.0,
            "carbohydrate_g": 0.0,
            "fibre_g": 0.0,
            "fructose_g": 0.0,
            "lactose_g": 0.0,
            "nutri_points_energy_kj": 0.0,
            "nutri_points_protein_g": 0.0,
            "nutri_points_fat_sat_g": 0.0,
            "nutri_points_sugar_g": 0.0,
            "nutri_points_salt_g": 0.0,
            "nutri_points_sodium_mg": 0.0,
            "nutri_points_fibre_g": 0.0,
            "nutri_points": null,
            "nutri_class": null,
            "price_per_kg": 1.58,
            "price_eur": 0.1975,
            "weight_g": 125.0,
            "volume_ml": 0.0
        }
    },
    {
        "model": "food.metainfo",
        "pk": 12,
        "fields": {
            "created_at": "2024-12-09T19:27:09.812Z",
            "updated_at": "2024-12-09T19:27:09.812Z",
            "energy_kj": 0.0,
            "protein_g": 0.0,
            "fat_g": 0.0,
            "fat_sat_g": 0.0,
            "sugar_g": 0.0,
            "sodium_mg": 0.0,
            "salt_g": 0.0,
            "fruit_factor": 0.0,
            "carbohydrate_g": 0.0,
            "fibre_g": 0.0,
            "fructose_g": 0.0,
            "lactose_g": 0.0,
            "nutri_points_energy_kj": 0.0,
            "nutri_points_protein_g": 0.0,
            "nutri_points_fat_sat_g": 0.0,
            "nutri_points_sugar_g": 0.0,
            "nutri_points_salt_g": 0.0,
            "nutri_points_sodium_mg": 0.0,
            "nutri_points_fibre_g": 0.0,
            "nutri_points": null,
            "nutri_class": null,
            "price_per_kg": 0.0,
            "price_eur": 0.0,
            "weight_g": 0.0,
            "volume_ml": 0.0
        }
    },
    {
        "model": "food.metainfo",
        "pk": 13,
        "fields": {
            "created_at": "2024-12-09T19:27:09.815Z",
            "updated_at": "2024-12-09T19:27:09.815Z",
            "energy_kj": 0.0,
            "protein_g": 0.0,
            "fat_g": 0.0,
            "fat_sat_g": 0.0,
            "sugar_g": 0.0,
            "sodium_mg": 0.0,
            "salt_g": 0.0,
            "fruit_factor": 0.0,
            "carbohydrate_g": 0.0,
            "fibre_g": 0.0,
            "fructose_g": 0.0,
            "lactose_g": 0.0,
            "nutri_points_energy_kj": 0.0,
            "nutri_points_protein_g": 0.0,
            "nutri_points_fat_sat_g": 0.0,
            "nutri_points_sugar_g": 0.0,
            "nutri_points_salt_g": 0.0,
            "nutri_points_sodium_mg": 0.0,
            "nutri_points_fibre_g": 0.0,
            "nutri_points": null,
            "nutri_class": null,
            "price_per_kg": 0.0,
            "price_eur": 0.0,
            "weight_g": 0.0,
            "volume_ml": 0.0
        }
    },
    {
        "model": "food.metainfo",
        "pk": 14,
        "fields": {
            "created_at": "2024-12-09T19:27:09.818Z",
            "updated_at": "2024-12-09T19:27:09.818Z",
            "energy_kj": 0.0,
            "protein_g": 0.0,
            "fat_g": 0.0,
            "fat_sat_g": 0.0,
            "sugar_g": 0.0,
            "sodium_mg": 0.0,
            "salt_g": 0.0,
            "fruit_factor": 0.0,
            "carbohydrate_g": 0.0,
            "fibre_g": 0.0,
            "fructose_g": 0.0,
            "lactose_g": 0.0,
            "nutri_points_energy_kj": 0.0,
            "nutri_points_protein_g": 0.0,
            "nutri_points_fat_sat_g": 0.0,
            "nutri_points_sugar_g": 0.0,
            "nutri_points_salt_g": 0.0,
            "nutri_points_sodium_mg": 0.0,
            "nutri_points_fibre_g": 0.0,
            "nutri_points": null,
            "nutri_class": null,
            "price_per_kg": 0.0,
            "price_eur": 0.0,
            "weight_g": 0.0,
            "volume_ml": 0.0
        }
    },
    {
        "model": "food.metainfo",
        "pk": 15,
        "fields": {
            "created_at": "2024-12-09T19:27:09.822Z",
            "updated_at": "2024-12-09T19:27:09.822Z",
            "energy_kj": 0.0,
            "protein_g": 0.0,
            "fat_g": 0.0,
            "fat_sat_g": 0.0,
            "sugar_g": 0.0,
            "sodium_mg": 0.0,
            "salt_g": 0.0,
            "fruit_factor": 0.0,
            "carbohydrate_g": 0.0,
            "fibre_g": 0.0,
            "fructose_g": 0.0,
            "lactose_g": 0.0,
            "nutri_points_energy_kj": 0.0,
            "nutri_points_protein_g": 0.0,
            "nutri_points_fat_sat_g": 0.0,
            "nutri_points_sugar_g": 0.0,
            "nutri_points_salt_g": 0.0,
            "nutri_points_sodium_mg": 0.0,
            "nutri_points_fibre_g": 0.0,
            "nutri_points": null,
            "nutri_class": null,
            "price_per_kg": 0.0,
            "price_eur": 0.0,
            "weight_g": 0.0,
            "volume_ml": 0.0
        }
    },
    {
        "model": "food.metainfo",
        "pk": 16,
        "fields": {
            "created_at": "2024-12-09T19:27:09.824Z",
            "updated_at": "2024-12-09T19:27:09.824Z",
            "energy_kj": 0.0,
            "protein_g": 0.0,
            "fat_g": 0.0,
            "fat_sat_g": 0.0,
            "sugar_g": 0.0,
            "sodium_mg": 0.0,
            "salt_g": 0.0,
            "fruit_factor": 0.0,
            "carbohydrate_g": 0.0,
            "fibre_g": 0.0,
            "fructose_g": 0.0,
            "lactose_g": 0.0,
            "nutri_points_energy_kj": 0.0,
            "nutri_points_protein_g": 0.0,
            "nutri_points_fat_sat_g": 0.0,
            "nutri_points_sugar_g": 0.0,
            "nutri_points_salt_g": 0.0,
            "nutri_points_sodium_mg": 0.0,
            "nutri_points_fibre_g": 0.0,
            "nutri_points": null,
            "nutri_class": null,
            "price_per_kg": 0.0,
            "price_eur": 0.0,
            "weight_g": 0.0,
            "volume_ml": 0.0
        }
    },
    {
        "model": "food.metainfo",
        "pk": 17,
        "fields": {
            "created_at": "2024-12-09T19:27:09.826Z",
            "updated_at": "2024-12-09T19:27:09.826Z",
            "energy_kj": 0.0,
            "protein_g": 0.0,
            "fat_g": 0.0,
            "fat_sat_g": 0.0,
            "sugar_g": 0.0,
            "sodium_mg": 0.0,
            "salt_g": 0.0,
            "fruit_factor": 0.0,
            "carbohydrate_g": 0.0,
            "fibre_g": 0.0,
            "fructose_g": 0.0,
            "lactose_g": 0.0,
            "nutri_points_energy_kj": 0.0,
            "nutri_points_protein_g": 0.0,
            "nutri_points_fat_sat_g": 0.0,
            "nutri_points_sugar_g": 0.0,
            "nutri_points_salt_g": 0.0,
            "nutri_points_sodium_mg": 0.0,
            "nutri_points_fibre_g": 0.0,
            "nutri_points": null,
            "nutri_class": null,
            "price_per_kg": 0.0,
            "price_eur": 0.0,
            "weight_g": 0.0,
            "volume_ml": 0.0
        }
    },
    {
        "model": "food.metainfo",
        "pk": 18,
        "fields": {
            "created_at": "2024-12-09T19:27:09.829Z",
            "updated_at": "2024-12-09T19:27:09.829Z",
            "energy_kj": 0.0,
            "protein_g": 0.0,
            "fat_g": 0.0,
            "fat_sat_g": 0.0,
            "sugar_g": 0.0,
            "sodium_mg": 0.0,
            "salt_g": 0.0,
            "fruit_factor": 0.0,
            "carbohydrate_g": 0.0,
            "fibre_g": 0.0,
            "fructose_g": 0.0,
            "lactose_g": 0.0,
            "nutri_points_energy_kj": 0.0,
            "nutri_points_protein_g": 0.0,
            "nutri_points_fat_sat_g": 0.0,
            "nutri_points_sugar_g": 0.0,
            "nutri_points_salt_g": 0.0,
            "nutri_points_sodium_mg": 0.0,
            "nutri_points_fibre_g": 0.0,
            "nutri_points": null,
            "nutri_class": null,
            "price_per_kg": 0.0,
            "price_eur": 0.0,
            "weight_g": 0.0,
            "volume_ml": 0.0
        }
    },
    {
        "model": "food.metainfo",
        "pk": 19,
        "fields": {
            "created_at": "2024-12-09T19:27:09.832Z",
            "updated_at": "2024-12-09T19:27:09.832Z",
            "energy_kj": 0.0,
            "protein_g": 0.0,
            "fat_g": 0.0,
            "fat_sat_g": 0.0,
            "sugar_g": 0.0,
            "sodium_mg": 0.0,
            "salt_g": 0.0,
            "fruit_factor": 0.0,
            "carbohydrate_g": 0.0,
            "fibre_g": 0.0,
            "fructose_g": 0.0,
            "lactose_g": 0.0,
            "nutri_points_energy_kj": 0.0,
            "nutri_points_protein_g": 0.0,
            "nutri_points_fat_sat_g": 0.0,
            "nutri_points_sugar_g": 0.0,
            "nutri_points_salt_g": 0.0,
            "nutri_points_sodium_mg": 0.0,
            "nutri_points_fibre_g": 0.0,
            "nutri_points": null,
            "nutri_class": null,
            "price_per_kg": 0.0,
            "price_eur": 0.0,
            "weight_g": 0.0,
            "volume_ml": 0.0
        }
    },
    {
        "model": "food.metainfo",
        "pk": 20,
        "fields": {
            "created_at": "2024-12-09T19:27:09.835Z",
            "updated_at": "2024-12-09T19:27:09.835Z",
            "energy_kj": 0.0,
            "protein_g": 0.0,
            "fat_g": 0.0,
            "fat_sat_g": 0.0,
            "sugar_g": 0.0,
            "sodium_mg": 0.0,
            "salt_g": 0.0,
            "fruit_factor": 0.0,
            "carbohydrate_g": 0.0,
            "fibre_g": 0.0,
            "fructose_g": 0.0,
            "lactose_g": 0.0,
            "nutri_points_energy_kj": 0.0,
            "nutri_points_protein_g": 0.0,
            "nutri_points_fat_sat_g": 0.0,
            "nutri_points_sugar_g": 0.0,
            "nutri_points_salt_g": 0.0,
            "nutri_points_sodium_mg": 0.0,
            "nutri_points_fibre_g": 0.0,
            "nutri_points": null,
            "nutri_class": null,
            "price_per_kg": 0.0,
            "price_eur": 0.0,
            "weight_g": 0.0,
            "volume_ml": 0.0
        }
    },
    {
        "model": "food.metainfo",
        "pk": 21,
        "fields": {
            "created_at": "2024-12-09T19:27:09.837Z",
            "updated_at": "2024-12-09T19:27:09.837Z",
            "energy_kj": 0.0,
            "protein_g": 0.0,
            "fat_g": 0.0,
            "fat_sat_g": 0.0,
            "sugar_g": 0.0,
            "sodium_mg": 0.0,
            "salt_g": 0.0,
            "fruit_factor": 0.0,
            "carbohydrate_g": 0.0,
            "fibre_g": 0.0,
            "fructose_g": 0.0,
            "lactose_g": 0.0,
            "nutri_points_energy_kj": 0.0,
            "nutri_points_protein_g": 0.0,
            "nutri_points_fat_sat_g": 0.0,
            "nutri_points_sugar_g": 0.0,
            "nutri_points_salt_g": 0.0,
            "nutri_points_sodium_mg": 0.0,
            "nutri_points_fibre_g": 0.0,
            "nutri_points": null,
            "nutri_class": null,
            "price_per_kg": 0.0,
            "price_eur": 0.0,
            "weight_g": 0.0,
            "volume_ml": 0.0
        }
    },
    {
        "model": "food.metainfo",
        "pk": 22,
        "fields": {
            "created_at": "2024-12-09T19:27:09.840Z",
            "updated_at": "2024-12-09T19:27:09.840Z",
            "energy_kj": 0.0,
            "protein_g": 0.0,
            "fat_g": 0.0,
            "fat_sat_g": 0.0,
            "sugar_g": 0.0,
            "sodium_mg": 0.0,
            "salt_g": 0.0,
            "fruit_factor": 0.0,
            "carbohydrate_g": 0.0,
            "fibre_g": 0.0,
            "fructose_g": 0.0,
            "lactose_g": 0.0,
            "nutri_points_energy_kj": 0.0,
            "nutri_points_protein_g": 0.0,
            "nutri_points_fat_sat_g": 0.0,
            "nutri_points_sugar_g": 0.0,
            "nutri_points_salt_g": 0.0,
            "nutri_points_sodium_mg": 0.0,
            "nutri_points_fibre_g": 0.0,
            "nutri_points": null,
            "nutri_class": null,
            "price_per_kg": 0.0,
            "price_eur": 0.0,
            "weight_g": 0.0,
            "volume_ml": 0.0
        }
    },
    {
        "model": "food.metainfo",
        "pk": 23,
        "fields": {
            "created_at": "2024-12-09T19:27:09.843Z",
            "updated_at": "2024-12-09T19:27:09.843Z",
            "energy_kj": 0.0,
            "protein_g": 0.0,
            "fat_g": 0.0,
            "fat_sat_g": 0.0,
            "sugar_g": 0.0,
            "sodium_mg": 0.0,
            "salt_g": 0.0,
            "fruit_factor": 0.0,
            "carbohydrate_g": 0.0,
            "fibre_g": 0.0,
            "fructose_g": 0.0,
            "lactose_g": 0.0,
            "nutri_points_energy_kj": 0.0,
            "nutri_points_protein_g": 0.0,
            "nutri_points_fat_sat_g": 0.0,
            "nutri_points_sugar_g": 0.0,
            "nutri_points_salt_g": 0.0,
            "nutri_points_sodium_mg": 0.0,
            "nutri_points_fibre_g": 0.0,
            "nutri_points": null,
            "nutri_class": null,
            "price_per_kg": 0.0,
            "price_eur": 0.0,
            "weight_g": 0.0,
            "volume_ml": 0.0
        }
    },
    {
        "model": "food.metainfo",
        "pk": 24,
        "fields": {
            "created_at": "2024-12-09T19:27:09.846Z",
            "updated_at": "2024-12-09T19:27:09.846Z",
            "energy_kj": 0.0,
            "protein_g": 0.0,
            "fat_g": 0.0,
            "fat_sat_g": 0.0,
            "sugar_g": 0.0,
            "sodium_mg": 0.0,
            "salt_g": 0.0,
            "fruit_factor": 0.0,
            "carbohydrate_g": 0.0,
            "fibre_g": 0.0,
            "fructose_g": 0.0,
            "lactose_g": 0.0,
            "nutri_points_energy_kj": 0.0,
            "nutri_points_protein_g": 0.0,
            "nutri_points_fat_sat_g": 0.0,
            "nutri_points_sugar_g": 0.0,
            "nutri_points_salt_g": 0.0,
            "nutri_points_sodium_mg": 0.0,
            "nutri_points_fibre_g": 0.0,
            "nutri_points": null,
            "nutri_class": null,
            "price_per_kg": 0.0,
            "price_eur": 0.0,
            "weight_g": 0.0,
            "volume_ml": 0.0
        }
    },
    {
        "model": "food.metainfo",
        "pk": 25,
        "fields": {
            "created_at": "2024-12-09T19:27:09.848Z",
            "updated_at": "2024-12-09T19:27:09.848Z",
            "energy_kj": 0.0,
            "protein_g": 0.0,
            "fat_g": 0.0,
            "fat_sat_g": 0.0,
            "sugar_g": 0.0,
            "sodium_mg": 0.0,
            "salt_g": 0.0,
            "fruit_factor": 0.0,
            "carbohydrate_g": 0.0,
            "fibre_g": 0.0,
            "fructose_g": 0.0,
            "lactose_g": 0.0,
            "nutri_points_energy_kj": 0.0,
            "nutri_points_protein_g": 0.0,
            "nutri_points_fat_sat_g": 0.0,
            "nutri_points_sugar_g": 0.0,
            "nutri_points_salt_g": 0.0,
            "nutri_points_sodium_mg": 0.0,
            "nutri_points_fibre_g": 0.0,
            "nutri_points": null,
            "nutri_class": null,
            "price_per_kg": 0.0,
            "price_eur": 0.0,
            "weight_g": 0.0,
            "volume_ml": 0.0
        }
    },
    {
        "model": "food.metainfo",
        "pk": 26,
        "fields": {
            "created_at": "2024-12-09T19:27:09.850Z",
            "updated_at": "2024-12-09T19:27:09.850Z",
            "energy_kj": 0.0,
            "protein_g": 0.0,
            "fat_g": 0.0,
            "fat_sat_g": 0.0,
            "sugar_g": 0.0,
            "sodium_mg": 0.0,
            "salt_g": 0.0,
            "fruit_factor": 0.0,
            "carbohydrate_g": 0.0,
            "fibre_g": 0.0,
            "fructose_g": 0.0,
            "lactose_g": 0.0,
            "nutri_points_energy_kj": 0.0,
            "nutri_points_protein_g": 0.0,
            "nutri_points_fat_sat_g": 0.0,
            "nutri_points_sugar_g": 0.0,
            "nutri_points_salt_g": 0.0,
            "nutri_points_sodium_mg": 0.0,
            "nutri_points_fibre_g": 0.0,
            "nutri_points": null,
            "nutri_class": null,
            "price_per_kg": 0.0,
            "price_eur": 0.0,
            "weight_g": 0.0,
            "volume_ml": 0.0
        }
    },
    {
        "model": "food.metainfo",
        "pk": 27,
        "fields": {
            "created_at": "2024-12-09T19:27:09.853Z",
            "updated_at": "2024-12-09T19:27:09.853Z",
            "energy_kj": 0.0,
            "protein_g": 0.0,
            "fat_g": 0.0,
            "fat_sat_g": 0.0,
            "sugar_g": 0.0,
            "sodium_mg": 0.0,
            "salt_g": 0.0,
            "fruit_factor": 0.0,
            "carbohydrate_g": 0.0,
            "fibre_g": 0.0,
            "fructose_g": 0.0,
            "lactose_g": 0.0,
            "nutri_points_energy_kj": 0.0,
            "nutri_points_protein_g": 0.0,
            "nutri_points_fat_sat_g": 0.0,
            "nutri_points_sugar_g": 0.0,
            "nutri_points_salt_g": 0.0,
            "nutri_points_sodium_mg": 0.0,
            "nutri_points_fibre_g": 0.0,
            "nutri_points": null,
            "nutri_class": null,
            "price_per_kg": 0.0,
            "price_eur": 0.0,
            "weight_g": 0.0,
            "volume_ml": 0.0
        }
    },
    {
        "model": "food.metainfo",
        "pk": 28,
        "fields": {
            "created_at": "2024-12-09T19:27:09.855Z",
            "updated_at": "2024-12-09T19:27:09.855Z",
            "energy_kj": 0.0,
            "protein_g": 0.0,
            "fat_g": 0.0,
            "fat_sat_g": 0.0,
            "sugar_g": 0.0,
            "sodium_mg": 0.0,
            "salt_g": 0.0,
            "fruit_factor": 0.0,
            "carbohydrate_g": 0.0,
            "fibre_g": 0.0,
            "fructose_g": 0.0,
            "lactose_g": 0.0,
            "nutri_points_energy_kj": 0.0,
            "nutri_points_protein_g": 0.0,
            "nutri_points_fat_sat_g": 0.0,
            "nutri_points_sugar_g": 0.0,
            "nutri_points_salt_g": 0.0,
            "nutri_points_sodium_mg": 0.0,
            "nutri_points_fibre_g": 0.0,
            "nutri_points": null,
            "nutri_class": null,
            "price_per_kg": 0.0,
            "price_eur": 0.0,
            "weight_g": 0.0,
            "volume_ml": 0.0
        }
    },
    {
        "model": "food.metainfo",
        "pk": 29,
        "fields": {
            "created_at": "2024-12-09T19:27:09.857Z",
            "updated_at": "2024-12-09T19:27:09.857Z",
            "energy_kj": 0.0,
            "protein_g": 0.0,
            "fat_g": 0.0,
            "fat_sat_g": 0.0,
            "sugar_g": 0.0,
            "sodium_mg": 0.0,
            "salt_g": 0.0,
            "fruit_factor": 0.0,
            "carbohydrate_g": 0.0,
            "fibre_g": 0.0,
            "fructose_g": 0.0,
            "lactose_g": 0.0,
            "nutri_points_energy_kj": 0.0,
            "nutri_points_protein_g": 0.0,
            "nutri_points_fat_sat_g": 0.0,
            "nutri_points_sugar_g": 0.0,
            "nutri_points_salt_g": 0.0,
            "nutri_points_sodium_mg": 0.0,
            "nutri_points_fibre_g": 0.0,
            "nutri_points": null,
            "nutri_class": null,
            "price_per_kg": 0.0,
            "price_eur": 0.0,
            "weight_g": 0.0,
            "volume_ml": 0.0
        }
    },
    {
        "model": "food.metainfo",
        "pk": 30,
        "fields": {
            "created_at": "2024-12-09T19:27:09.859Z",
            "updated_at": "2024-12-09T19:27:09.859Z",
            "energy_kj": 0.0,
            "protein_g": 0.0,
            "fat_g": 0.0,
            "fat_sat_g": 0.0,
            "sugar_g": 0.0,
            "sodium_mg": 0.0,
            "salt_g": 0.0,
            "fruit_factor": 0.0,
            "carbohydrate_g": 0.0,
            "fibre_g": 0.0,
            "fructose_g": 0.0,
            "lactose_g": 0.0,
            "nutri_points_energy_kj": 0.0,
            "nutri_points_protein_g": 0.0,
            "nutri_points_fat_sat_g": 0.0,
            "nutri_points_sugar_g": 0.0,
            "nutri_points_salt_g": 0.0,
            "nutri_points_sodium_mg": 0.0,
            "nutri_points_fibre_g": 0.0,
            "nutri_points": null,
            "nutri_class": null,
            "price_per_kg": 0.0,
            "price_eur": 0.0,
            "weight_g": 0.0,
            "volume_ml": 0.0
        }
    },
    {
        "model": "food.metainfo",
        "pk": 31,
        "fields": {
            "created_at": "2024-12-09T19:27:09.862Z",
            "updated_at": "2024-12-09T19:27:09.862Z",
            "energy_kj": 0.0,
            "protein_g": 0.0,
            "fat_g": 0.0,
            "fat_sat_g": 0.0,
            "sugar_g": 0.0,
            "sodium_mg": 0.0,
            "salt_g": 0.0,
            "fruit_factor": 0.0,
            "carbohydrate_g": 0.0,
            "fibre_g": 0.0,
            "fructose_g": 0.0,
            "lactose_g": 0.0,
            "nutri_points_energy_kj": 0.0,
            "nutri_points_protein_g": 0.0,
            "nutri_points_fat_sat_g": 0.0,
            "nutri_points_sugar_g": 0.0,
            "nutri_points_salt_g": 0.0,
            "nutri_points_sodium_mg": 0.0,
            "nutri_points_fibre_g": 0.0,
            "nutri_points": null,
            "nutri_class": null,
            "price_per_kg": 0.0,
            "price_eur": 0.0,
            "weight_g": 0.0,
            "volume_ml": 0.0
        }
    },
    {
        "model": "food.metainfo",
        "pk": 32,
        "fields": {
            "created_at": "2024-12-09T19:27:09.864Z",
            "updated_at": "2024-12-09T19:27:09.864Z",
            "energy_kj": 0.0,
            "protein_g": 0.0,
            "fat_g": 0.0,
            "fat_sat_g": 0.0,
            "sugar_g": 0.0,
            "sodium_mg": 0.0,
            "salt_g": 0.0,
            "fruit_factor": 0.0,
            "carbohydrate_g": 0.0,
            "fibre_g": 0.0,
            "fructose_g": 0.0,
            "lactose_g": 0.0,
            "nutri_points_energy_kj": 0.0,
            "nutri_points_protein_g": 0.0,
            "nutri_points_fat_sat_g": 0.0,
            "nutri_points_sugar_g": 0.0,
            "nutri_points_salt_g": 0.0,
            "nutri_points_sodium_mg": 0.0,
            "nutri_points_fibre_g": 0.0,
            "nutri_points": null,
            "nutri_class": null,
            "price_per_kg": 0.0,
            "price_eur": 0.0,
            "weight_g": 0.0,
            "volume_ml": 0.0
        }
    },
    {
        "model": "food.metainfo",
        "pk": 33,
        "fields": {
            "created_at": "2024-12-09T19:27:09.866Z",
            "updated_at": "2024-12-09T19:27:09.866Z",
            "energy_kj": 0.0,
            "protein_g": 0.0,
            "fat_g": 0.0,
            "fat_sat_g": 0.0,
            "sugar_g": 0.0,
            "sodium_mg": 0.0,
            "salt_g": 0.0,
            "fruit_factor": 0.0,
            "carbohydrate_g": 0.0,
            "fibre_g": 0.0,
            "fructose_g": 0.0,
            "lactose_g": 0.0,
            "nutri_points_energy_kj": 0.0,
            "nutri_points_protein_g": 0.0,
            "nutri_points_fat_sat_g": 0.0,
            "nutri_points_sugar_g": 0.0,
            "nutri_points_salt_g": 0.0,
            "nutri_points_sodium_mg": 0.0,
            "nutri_points_fibre_g": 0.0,
            "nutri_points": null,
            "nutri_class": null,
            "price_per_kg": 0.0,
            "price_eur": 0.0,
            "weight_g": 0.0,
            "volume_ml": 0.0
        }
    },
    {
        "model": "food.metainfo",
        "pk": 34,
        "fields": {
            "created_at": "2024-12-09T19:27:09.868Z",
            "updated_at": "2024-12-09T19:27:09.868Z",
            "energy_kj": 0.0,
            "protein_g": 0.0,
            "fat_g": 0.0,
            "fat_sat_g": 0.0,
            "sugar_g": 0.0,
            "sodium_mg": 0.0,
            "salt_g": 0.0,
            "fruit_factor": 0.0,
            "carbohydrate_g": 0.0,
            "fibre_g": 0.0,
            "fructose_g": 0.0,
            "lactose_g": 0.0,
            "nutri_points_energy_kj": 0.0,
            "nutri_points_protein_g": 0.0,
            "nutri_points_fat_sat_g": 0.0,
            "nutri_points_sugar_g": 0.0,
            "nutri_points_salt_g": 0.0,
            "nutri_points_sodium_mg": 0.0,
            "nutri_points_fibre_g": 0.0,
            "nutri_points": null,
            "nutri_class": null,
            "price_per_kg": 0.0,
            "price_eur": 0.0,
            "weight_g": 0.0,
            "volume_ml": 0.0
        }
    },
    {
        "model": "food.metainfo",
        "pk": 35,
        "fields": {
            "created_at": "2024-12-09T19:27:09.870Z",
            "updated_at": "2024-12-09T19:27:09.870Z",
            "energy_kj": 0.0,
            "protein_g": 0.0,
            "fat_g": 0.0,
            "fat_sat_g": 0.0,
            "sugar_g": 0.0,
            "sodium_mg": 0.0,
            "salt_g": 0.0,
            "fruit_factor": 0.0,
            "carbohydrate_g": 0.0,
            "fibre_g": 0.0,
            "fructose_g": 0.0,
            "lactose_g": 0.0,
            "nutri_points_energy_kj": 0.0,
            "nutri_points_protein_g": 0.0,
            "nutri_points_fat_sat_g": 0.0,
            "nutri_points_sugar_g": 0.0,
            "nutri_points_salt_g": 0.0,
            "nutri_points_sodium_mg": 0.0,
            "nutri_points_fibre_g": 0.0,
            "nutri_points": null,
            "nutri_class": null,
            "price_per_kg": 0.0,
            "price_eur": 0.0,
            "weight_g": 0.0,
            "volume_ml": 0.0
        }
    },
    {
        "model": "food.metainfo",
        "pk": 36,
        "fields": {
            "created_at": "2024-12-09T19:27:09.872Z",
            "updated_at": "2024-12-09T19:27:09.872Z",
            "energy_kj": 0.0,
            "protein_g": 0.0,
            "fat_g": 0.0,
            "fat_sat_g": 0.0,
            "sugar_g": 0.0,
            "sodium_mg": 0.0,
            "salt_g": 0.0,
            "fruit_factor": 0.0,
            "carbohydrate_g": 0.0,
            "fibre_g": 0.0,
            "fructose_g": 0.0,
            "lactose_g": 0.0,
            "nutri_points_energy_kj": 0.0,
            "nutri_points_protein_g": 0.0,
            "nutri_points_fat_sat_g": 0.0,
            "nutri_points_sugar_g": 0.0,
            "nutri_points_salt_g": 0.0,
            "nutri_points_sodium_mg": 0.0,
            "nutri_points_fibre_g": 0.0,
            "nutri_points": null,
            "nutri_class": null,
            "price_per_kg": 0.0,
            "price_eur": 0.0,
            "weight_g": 0.0,
            "volume_ml": 0.0
        }
    },
    {
        "model": "food.metainfo",
        "pk": 37,
        "fields": {
            "created_at": "2024-12-09T19:27:09.874Z",
            "updated_at": "2024-12-09T19:27:09.874Z",
            "energy_kj": 0.0,
            "protein_g": 0.0,
            "fat_g": 0.0,
            "fat_sat_g": 0.0,
            "sugar_g": 0.0,
            "sodium_mg": 0.0,
            "salt_g": 0.0,
            "fruit_factor": 0.0,
            "carbohydrate_g": 0.0,
            "fibre_g": 0.0,
            "fructose_g": 0.0,
            "lactose_g": 0.0,
            "nutri_points_energy_kj": 0.0,
            "nutri_points_protein_g": 0.0,
            "nutri_points_fat_sat_g": 0.0,
            "nutri_points_sugar_g": 0.0,
            "nutri_points_salt_g": 0.0,
            "nutri_points_sodium_mg": 0.0,
            "nutri_points_fibre_g": 0.0,
            "nutri_points": null,
            "nutri_class": null,
            "price_per_kg": 0.0,
            "price_eur": 0.0,
            "weight_g": 0.0,
            "volume_ml": 0.0
        }
    },
    {
        "model": "food.metainfo",
        "pk": 38,
        "fields": {
            "created_at": "2024-12-09T19:27:09.875Z",
            "updated_at": "2024-12-09T19:27:09.875Z",
            "energy_kj": 0.0,
            "protein_g": 0.0,
            "fat_g": 0.0,
            "fat_sat_g": 0.0,
            "sugar_g": 0.0,
            "sodium_mg": 0.0,
            "salt_g": 0.0,
            "fruit_factor": 0.0,
            "carbohydrate_g": 0.0,
            "fibre_g": 0.0,
            "fructose_g": 0.0,
            "lactose_g": 0.0,
            "nutri_points_energy_kj": 0.0,
            "nutri_points_protein_g": 0.0,
            "nutri_points_fat_sat_g": 0.0,
            "nutri_points_sugar_g": 0.0,
            "nutri_points_salt_g": 0.0,
            "nutri_points_sodium_mg": 0.0,
            "nutri_points_fibre_g": 0.0,
            "nutri_points": null,
            "nutri_class": null,
            "price_per_kg": 0.0,
            "price_eur": 0.0,
            "weight_g": 0.0,
            "volume_ml": 0.0
        }
    },
    {
        "model": "food.metainfo",
        "pk": 39,
        "fields": {
            "created_at": "2024-12-09T19:27:09.877Z",
            "updated_at": "2024-12-09T19:27:09.877Z",
            "energy_kj": 0.0,
            "protein_g": 0.0,
            "fat_g": 0.0,
            "fat_sat_g": 0.0,
            "sugar_g": 0.0,
            "sodium_mg": 0.0,
            "salt_g": 0.0,
            "fruit_factor": 0.0,
            "carbohydrate_g": 0.0,
            "fibre_g": 0.0,
            "fructose_g": 0.0,
            "lactose_g": 0.0,
            "nutri_points_energy_kj": 0.0,
            "nutri_points_protein_g": 0.0,
            "nutri_points_fat_sat_g": 0.0,
            "nutri_points_sugar_g": 0.0,
            "nutri_points_salt_g": 0.0,
            "nutri_points_sodium_mg": 0.0,
            "nutri_points_fibre_g": 0.0,
            "nutri_points": null,
            "nutri_class": null,
            "price_per_kg": 0.0,
            "price_eur": 0.0,
            "weight_g": 0.0,
            "volume_ml": 0.0
        }
    },
    {
        "model": "food.metainfo",
        "pk": 40,
        "fields": {
            "created_at": "2024-12-09T19:27:09.879Z",
            "updated_at": "2024-12-09T19:27:09.879Z",
            "energy_kj": 0.0,
            "protein_g": 0.0,
            "fat_g": 0.0,
            "fat_sat_g": 0.0,
            "sugar_g": 0.0,
            "sodium_mg": 0.0,
            "salt_g": 0.0,
            "fruit_factor": 0.0,
            "carbohydrate_g": 0.0,
            "fibre_g": 0.0,
            "fructose_g": 0.0,
            "lactose_g": 0.0,
            "nutri_points_energy_kj": 0.0,
            "nutri_points_protein_g": 0.0,
            "nutri_points_fat_sat_g": 0.0,
            "nutri_points_sugar_g": 0.0,
            "nutri_points_salt_g": 0.0,
            "nutri_points_sodium_mg": 0.0,
            "nutri_points_fibre_g": 0.0,
            "nutri_points": null,
            "nutri_class": null,
            "price_per_kg": 0.0,
            "price_eur": 0.0,
            "weight_g": 0.0,
            "volume_ml": 0.0
        }
    },
    {
        "model": "food.metainfo",
        "pk": 41,
        "fields": {
            "created_at": "2024-12-09T19:27:09.881Z",
            "updated_at": "2024-12-09T19:27:09.881Z",
            "energy_kj": 0.0,
            "protein_g": 0.0,
            "fat_g": 0.0,
            "fat_sat_g": 0.0,
            "sugar_g": 0.0,
            "sodium_mg": 0.0,
            "salt_g": 0.0,
            "fruit_factor": 0.0,
            "carbohydrate_g": 0.0,
            "fibre_g": 0.0,
            "fructose_g": 0.0,
            "lactose_g": 0.0,
            "nutri_points_energy_kj": 0.0,
            "nutri_points_protein_g": 0.0,
            "nutri_points_fat_sat_g": 0.0,
            "nutri_points_sugar_g": 0.0,
            "nutri_points_salt_g": 0.0,
            "nutri_points_sodium_mg": 0.0,
            "nutri_points_fibre_g": 0.0,
            "nutri_points": null,
            "nutri_class": null,
            "price_per_kg": 0.0,
            "price_eur": 0.0,
            "weight_g": 0.0,
            "volume_ml": 0.0
        }
    },
    {
        "model": "food.metainfo",
        "pk": 42,
        "fields": {
            "created_at": "2024-12-09T19:27:09.882Z",
            "updated_at": "2024-12-09T19:27:09.882Z",
            "energy_kj": 0.0,
            "protein_g": 0.0,
            "fat_g": 0.0,
            "fat_sat_g": 0.0,
            "sugar_g": 0.0,
            "sodium_mg": 0.0,
            "salt_g": 0.0,
            "fruit_factor": 0.0,
            "carbohydrate_g": 0.0,
            "fibre_g": 0.0,
            "fructose_g": 0.0,
            "lactose_g": 0.0,
            "nutri_points_energy_kj": 0.0,
            "nutri_points_protein_g": 0.0,
            "nutri_points_fat_sat_g": 0.0,
            "nutri_points_sugar_g": 0.0,
            "nutri_points_salt_g": 0.0,
            "nutri_points_sodium_mg": 0.0,
            "nutri_points_fibre_g": 0.0,
            "nutri_points": null,
            "nutri_class": null,
            "price_per_kg": 0.0,
            "price_eur": 0.0,
            "weight_g": 0.0,
            "volume_ml": 0.0
        }
    },
    {
        "model": "food.metainfo",
        "pk": 43,
        "fields": {
            "created_at": "2024-12-09T19:27:09.884Z",
            "updated_at": "2024-12-09T19:27:09.884Z",
            "energy_kj": 0.0,
            "protein_g": 0.0,
            "fat_g": 0.0,
            "fat_sat_g": 0.0,
            "sugar_g": 0.0,
            "sodium_mg": 0.0,
            "salt_g": 0.0,
            "fruit_factor": 0.0,
            "carbohydrate_g": 0.0,
            "fibre_g": 0.0,
            "fructose_g": 0.0,
            "lactose_g": 0.0,
            "nutri_points_energy_kj": 0.0,
            "nutri_points_protein_g": 0.0,
            "nutri_points_fat_sat_g": 0.0,
            "nutri_points_sugar_g": 0.0,
            "nutri_points_salt_g": 0.0,
            "nutri_points_sodium_mg": 0.0,
            "nutri_points_fibre_g": 0.0,
            "nutri_points": null,
            "nutri_class": null,
            "price_per_kg": 0.0,
            "price_eur": 0.0,
            "weight_g": 0.0,
            "volume_ml": 0.0
        }
    },
    {
        "model": "food.metainfo",
        "pk": 44,
        "fields": {
            "created_at": "2024-12-09T19:27:09.886Z",
            "updated_at": "2024-12-09T19:27:09.886Z",
            "energy_kj": 0.0,
            "protein_g": 0.0,
            "fat_g": 0.0,
            "fat_sat_g": 0.0,
            "sugar_g": 0.0,
            "sodium_mg": 0.0,
            "salt_g": 0.0,
            "fruit_factor": 0.0,
            "carbohydrate_g": 0.0,
            "fibre_g": 0.0,
            "fructose_g": 0.0,
            "lactose_g": 0.0,
            "nutri_points_energy_kj": 0.0,
            "nutri_points_protein_g": 0.0,
            "nutri_points_fat_sat_g": 0.0,
            "nutri_points_sugar_g": 0.0,
            "nutri_points_salt_g": 0.0,
            "nutri_points_sodium_mg": 0.0,
            "nutri_points_fibre_g": 0.0,
            "nutri_points": null,
            "nutri_class": null,
            "price_per_kg": 0.0,
            "price_eur": 0.0,
            "weight_g": 0.0,
            "volume_ml": 0.0
        }
    },
    {
        "model": "food.metainfo",
        "pk": 45,
        "fields": {
            "created_at": "2024-12-09T19:27:09.887Z",
            "updated_at": "2024-12-09T19:27:09.887Z",
            "energy_kj": 0.0,
            "protein_g": 0.0,
            "fat_g": 0.0,
            "fat_sat_g": 0.0,
            "sugar_g": 0.0,
            "sodium_mg": 0.0,
            "salt_g": 0.0,
            "fruit_factor": 0.0,
            "carbohydrate_g": 0.0,
            "fibre_g": 0.0,
            "fructose_g": 0.0,
            "lactose_g": 0.0,
            "nutri_points_energy_kj": 0.0,
            "nutri_points_protein_g": 0.0,
            "nutri_points_fat_sat_g": 0.0,
            "nutri_points_sugar_g": 0.0,
            "nutri_points_salt_g": 0.0,
            "nutri_points_sodium_mg": 0.0,
            "nutri_points_fibre_g": 0.0,
            "nutri_points": null,
            "nutri_class": null,
            "price_per_kg": 0.0,
            "price_eur": 0.0,
            "weight_g": 0.0,
            "volume_ml": 0.0
        }
    },
    {
        "model": "food.metainfo",
        "pk": 46,
        "fields": {
            "created_at": "2024-12-09T19:27:09.889Z",
            "updated_at": "2024-12-09T19:27:09.889Z",
            "energy_kj": 0.0,
            "protein_g": 0.0,
            "fat_g": 0.0,
            "fat_sat_g": 0.0,
            "sugar_g": 0.0,
            "sodium_mg": 0.0,
            "salt_g": 0.0,
            "fruit_factor": 0.0,
            "carbohydrate_g": 0.0,
            "fibre_g": 0.0,
            "fructose_g": 0.0,
            "lactose_g": 0.0,
            "nutri_points_energy_kj": 0.0,
            "nutri_points_protein_g": 0.0,
            "nutri_points_fat_sat_g": 0.0,
            "nutri_points_sugar_g": 0.0,
            "nutri_points_salt_g": 0.0,
            "nutri_points_sodium_mg": 0.0,
            "nutri_points_fibre_g": 0.0,
            "nutri_points": null,
            "nutri_class": null,
            "price_per_kg": 0.0,
            "price_eur": 0.0,
            "weight_g": 0.0,
            "volume_ml": 0.0
        }
    },
    {
        "model": "food.metainfo",
        "pk": 47,
        "fields": {
            "created_at": "2024-12-09T19:27:09.891Z",
            "updated_at": "2024-12-09T19:27:09.891Z",
            "energy_kj": 0.0,
            "protein_g": 0.0,
            "fat_g": 0.0,
            "fat_sat_g": 0.0,
            "sugar_g": 0.0,
            "sodium_mg": 0.0,
            "salt_g": 0.0,
            "fruit_factor": 0.0,
            "carbohydrate_g": 0.0,
            "fibre_g": 0.0,
            "fructose_g": 0.0,
            "lactose_g": 0.0,
            "nutri_points_energy_kj": 0.0,
            "nutri_points_protein_g": 0.0,
            "nutri_points_fat_sat_g": 0.0,
            "nutri_points_sugar_g": 0.0,
            "nutri_points_salt_g": 0.0,
            "nutri_points_sodium_mg": 0.0,
            "nutri_points_fibre_g": 0.0,
            "nutri_points": null,
            "nutri_class": null,
            "price_per_kg": 0.0,
            "price_eur": 0.0,
            "weight_g": 0.0,
            "volume_ml": 0.0
        }
    },
    {
        "model": "food.metainfo",
        "pk": 48,
        "fields": {
            "created_at": "2024-12-09T19:27:09.892Z",
            "updated_at": "2024-12-09T19:27:09.892Z",
            "energy_kj": 0.0,
            "protein_g": 0.0,
            "fat_g": 0.0,
            "fat_sat_g": 0.0,
            "sugar_g": 0.0,
            "sodium_mg": 0.0,
            "salt_g": 0.0,
            "fruit_factor": 0.0,
            "carbohydrate_g": 0.0,
            "fibre_g": 0.0,
            "fructose_g": 0.0,
            "lactose_g": 0.0,
            "nutri_points_energy_kj": 0.0,
            "nutri_points_protein_g": 0.0,
            "nutri_points_fat_sat_g": 0.0,
            "nutri_points_sugar_g": 0.0,
            "nutri_points_salt_g": 0.0,
            "nutri_points_sodium_mg": 0.0,
            "nutri_points_fibre_g": 0.0,
            "nutri_points": null,
            "nutri_class": null,
            "price_per_kg": 0.0,
            "price_eur": 0.0,
            "weight_g": 0.0,
            "volume_ml": 0.0
        }
    },
    {
        "model": "food.metainfo",
        "pk": 49,
        "fields": {
            "created_at": "2024-12-09T19:27:09.894Z",
            "updated_at": "2024-12-09T19:27:09.894Z",
            "energy_kj": 0.0,
            "protein_g": 0.0,
            "fat_g": 0.0,
            "fat_sat_g": 0.0,
            "sugar_g": 0.0,
            "sodium_mg": 0.0,
            "salt_g": 0.0,
            "fruit_factor": 0.0,
            "carbohydrate_g": 0.0,
            "fibre_g": 0.0,
            "fructose_g": 0.0,
            "lactose_g": 0.0,
            "nutri_points_energy_kj": 0.0,
            "nutri_points_protein_g": 0.0,
            "nutri_points_fat_sat_g": 0.0,
            "nutri_points_sugar_g": 0.0,
            "nutri_points_salt_g": 0.0,
            "nutri_points_sodium_mg": 0.0,
            "nutri_points_fibre_g": 0.0,
            "nutri_points": null,
            "nutri_class": null,
            "price_per_kg": 0.0,
            "price_eur": 0.0,
            "weight_g": 0.0,
            "volume_ml": 0.0
        }
    },
    {
        "model": "food.metainfo",
        "pk": 50,
        "fields": {
            "created_at": "2024-12-09T19:27:09.896Z",
            "updated_at": "2024-12-09T19:27:09.896Z",
            "energy_kj": 0.0,
            "protein_g": 0.0,
            "fat_g": 0.0,
            "fat_sat_g": 0.0,
            "sugar_g": 0.0,
            "sodium_mg": 0.0,
            "salt_g": 0.0,
            "fruit_factor": 0.0,
            "carbohydrate_g": 0.0,
            "fibre_g": 0.0,
            "fructose_g": 0.0,
            "lactose_g": 0.0,
            "nutri_points_energy_kj": 0.0,
            "nutri_points_protein_g": 0.0,
            "nutri_points_fat_sat_g": 0.0,
            "nutri_points_sugar_g": 0.0,
            "nutri_points_salt_g": 0.0,
            "nutri_points_sodium_mg": 0.0,
            "nutri_points_fibre_g": 0.0,
            "nutri_points": null,
            "nutri_class": null,
            "price_per_kg": 0.0,
            "price_eur": 0.0,
            "weight_g": 0.0,
            "volume_ml": 0.0
        }
    },
    {
        "model": "food.metainfo",
        "pk": 51,
        "fields": {
            "created_at": "2024-12-09T19:27:09.898Z",
            "updated_at": "2024-12-09T19:27:09.898Z",
            "energy_kj": 0.0,
            "protein_g": 0.0,
            "fat_g": 0.0,
            "fat_sat_g": 0.0,
            "sugar_g": 0.0,
            "sodium_mg": 0.0,
            "salt_g": 0.0,
            "fruit_factor": 0.0,
            "carbohydrate_g": 0.0,
            "fibre_g": 0.0,
            "fructose_g": 0.0,
            "lactose_g": 0.0,
            "nutri_points_energy_kj": 0.0,
            "nutri_points_protein_g": 0.0,
            "nutri_points_fat_sat_g": 0.0,
            "nutri_points_sugar_g": 0.0,
            "nutri_points_salt_g": 0.0,
            "nutri_points_sodium_mg": 0.0,
            "nutri_points_fibre_g": 0.0,
            "nutri_points": null,
            "nutri_class": null,
            "price_per_kg": 0.0,
            "price_eur": 0.0,
            "weight_g": 0.0,
            "volume_ml": 0.0
        }
    },
    {
        "model": "food.metainfo",
        "pk": 52,
        "fields": {
            "created_at": "2024-12-09T19:45:25.708Z",
            "updated_at": "2024-12-09T19:45:25.708Z",
            "energy_kj": 0.0,
            "protein_g": 0.0,
            "fat_g": 0.0,
            "fat_sat_g": 0.0,
            "sugar_g": 0.0,
            "sodium_mg": 0.0,
            "salt_g": 0.0,
            "fruit_factor": 0.0,
            "carbohydrate_g": 0.0,
            "fibre_g": 0.0,
            "fructose_g": 0.0,
            "lactose_g": 0.0,
            "nutri_points_energy_kj": 0.0,
            "nutri_points_protein_g": 0.0,
            "nutri_points_fat_sat_g": 0.0,
            "nutri_points_sugar_g": 0.0,
            "nutri_points_salt_g": 0.0,
            "nutri_points_sodium_mg": 0.0,
            "nutri_points_fibre_g": 0.0,
            "nutri_points": null,
            "nutri_class": null,
            "price_per_kg": 3.78,
            "price_eur": 0.0,
            "weight_g": 0.0,
            "volume_ml": 0.0
        }
    },
    {
        "model": "food.metainfo",
        "pk": 53,
        "fields": {
            "created_at": "2024-12-09T19:45:25.710Z",
            "updated_at": "2024-12-09T19:45:51.796Z",
            "energy_kj": 0.0,
            "protein_g": 0.0,
            "fat_g": 0.0,
            "fat_sat_g": 0.0,
            "sugar_g": 0.0,
            "sodium_mg": 0.0,
            "salt_g": 0.0,
            "fruit_factor": 0.0,
            "carbohydrate_g": 0.0,
            "fibre_g": 0.0,
            "fructose_g": 0.0,
            "lactose_g": 0.0,
            "nutri_points_energy_kj": 0.0,
            "nutri_points_protein_g": 0.0,
            "nutri_points_fat_sat_g": 0.0,
            "nutri_points_sugar_g": 0.0,
            "nutri_points_salt_g": 0.0,
            "nutri_points_sodium_mg": 0.0,
            "nutri_points_fibre_g": 0.0,
            "nutri_points": null,
            "nutri_class": null,
            "price_per_kg": 3.78,
            "price_eur": 0.00378,
            "weight_g": 1.0,
            "volume_ml": 0.0
        }
    },
    {
        "model": "food.metainfo",
        "pk": 54,
        "fields": {
            "created_at": "2024-12-09T19:51:15.963Z",
            "updated_at": "2024-12-09T19:51:15.963Z",
            "energy_kj": 0.0,
            "protein_g": 0.0,
            "fat_g": 0.0,
            "fat_sat_g": 0.0,
            "sugar_g": 0.0,
            "sodium_mg": 0.0,
            "salt_g": 0.0,
            "fruit_factor": 0.0,
            "carbohydrate_g": 0.0,
            "fibre_g": 0.0,
            "fructose_g": 0.0,
            "lactose_g": 0.0,
            "nutri_points_energy_kj": 0.0,
            "nutri_points_protein_g": 0.0,
            "nutri_points_fat_sat_g": 0.0,
            "nutri_points_sugar_g": 0.0,
            "nutri_points_salt_g": 0.0,
            "nutri_points_sodium_mg": 0.0,
            "nutri_points_fibre_g": 0.0,
            "nutri_points": null,
            "nutri_class": null,
            "price_per_kg": 2.87,
            "price_eur": 0.0,
            "weight_g": 0.0,
            "volume_ml": 0.0
        }
    },
    {
        "model": "food.metainfo",
        "pk": 55,
        "fields": {
            "created_at": "2024-12-09T19:51:15.965Z",
            "updated_at": "2024-12-09T20:19:42.612Z",
            "energy_kj": 0.0,
            "protein_g": 0.0,
            "fat_g": 0.0,
            "fat_sat_g": 0.0,
            "sugar_g": 0.0,
            "sodium_mg": 0.0,
            "salt_g": 0.0,
            "fruit_factor": 0.0,
            "carbohydrate_g": 0.0,
            "fibre_g": 0.0,
            "fructose_g": 0.0,
            "lactose_g": 0.0,
            "nutri_points_energy_kj": 0.0,
            "nutri_points_protein_g": 0.0,
            "nutri_points_fat_sat_g": 0.0,
            "nutri_points_sugar_g": 0.0,
            "nutri_points_salt_g": 0.0,
            "nutri_points_sodium_mg": 0.0,
            "nutri_points_fibre_g": 0.0,
            "nutri_points": null,
            "nutri_class": null,
            "price_per_kg": 2.87,
            "price_eur": 0.00287,
            "weight_g": 1.0,
            "volume_ml": 0.0
        }
    },
    {
        "model": "food.metainfo",
        "pk": 56,
        "fields": {
            "created_at": "2024-12-09T19:51:30.982Z",
            "updated_at": "2024-12-09T20:19:42.617Z",
            "energy_kj": 0.0,
            "protein_g": 0.0,
            "fat_g": 0.0,
            "fat_sat_g": 0.0,
            "sugar_g": 0.0,
            "sodium_mg": 0.0,
            "salt_g": 0.0,
            "fruit_factor": 0.0,
            "carbohydrate_g": 0.0,
            "fibre_g": 0.0,
            "fructose_g": 0.0,
            "lactose_g": 0.0,
            "nutri_points_energy_kj": 0.0,
            "nutri_points_protein_g": 0.0,
            "nutri_points_fat_sat_g": 0.0,
            "nutri_points_sugar_g": 0.0,
            "nutri_points_salt_g": 0.0,
            "nutri_points_sodium_mg": 0.0,
            "nutri_points_fibre_g": 0.0,
            "nutri_points": null,
            "nutri_class": null,
            "price_per_kg": 0.0,
            "price_eur": 0.4172,
            "weight_g": 120.0,
            "volume_ml": 0.0
        }
    },
    {
        "model": "food.metainfo",
        "pk": 57,
        "fields": {
            "created_at": "2024-12-09T19:51:42.049Z",
            "updated_at": "2024-12-09T20:19:42.614Z",
            "energy_kj": 0.0,
            "protein_g": 0.0,
            "fat_g": 0.0,
            "fat_sat_g": 0.0,
            "sugar_g": 0.0,
            "sodium_mg": 0.0,
            "salt_g": 0.0,
            "fruit_factor": 0.0,
            "carbohydrate_g": 0.0,
            "fibre_g": 0.0,
            "fructose_g": 0.0,
            "lactose_g": 0.0,
            "nutri_points_energy_kj": 0.0,
            "nutri_points_protein_g": 0.0,
            "nutri_points_fat_sat_g": 0.0,
            "nutri_points_sugar_g": 0.0,
            "nutri_points_salt_g": 0.0,
            "nutri_points_sodium_mg": 0.0,
            "nutri_points_fibre_g": 0.0,
            "nutri_points": null,
            "nutri_class": null,
            "price_per_kg": 2.87,
            "price_eur": 0.11480000000000001,
            "weight_g": 40.0,
            "volume_ml": 0.0
        }
    },
    {
        "model": "food.metainfo",
        "pk": 58,
        "fields": {
            "created_at": "2024-12-09T19:51:54.314Z",
            "updated_at": "2024-12-09T19:51:54.319Z",
            "energy_kj": 0.0,
            "protein_g": 0.0,
            "fat_g": 0.0,
            "fat_sat_g": 0.0,
            "sugar_g": 0.0,
            "sodium_mg": 0.0,
            "salt_g": 0.0,
            "fruit_factor": 0.0,
            "carbohydrate_g": 0.0,
            "fibre_g": 0.0,
            "fructose_g": 0.0,
            "lactose_g": 0.0,
            "nutri_points_energy_kj": 0.0,
            "nutri_points_protein_g": 0.0,
            "nutri_points_fat_sat_g": 0.0,
            "nutri_points_sugar_g": 0.0,
            "nutri_points_salt_g": 0.0,
            "nutri_points_sodium_mg": 0.0,
            "nutri_points_fibre_g": 0.0,
            "nutri_points": null,
            "nutri_class": null,
            "price_per_kg": 3.78,
            "price_eur": 0.3024,
            "weight_g": 80.0,
            "volume_ml": 0.0
        }
    },
    {
        "model": "food.ingredient",
        "pk": 1,
        "fields": {
            "created_at": "2024-12-09T19:15:31.833Z",
            "updated_at": "2024-12-09T19:15:31.833Z",
            "name": "Tomate",
            "slug": "tomate",
            "description": "",
            "physical_density": 1.0,
            "physical_viscosity": "solid",
            "ingredient_ref": null,
            "fdc_id": null,
            "nan_art_id_rewe": null,
            "ean": null,
            "major_class": "Baked Products",
            "meta_info": 1,
            "child_frendly_score": 1,
            "scout_frendly_score": 1,
            "created_by": null,
            "intolerances": []
        }
    },
    {
        "model": "food.ingredient",
        "pk": 2,
        "fields": {
            "created_at": "2024-12-09T19:19:06.127Z",
            "updated_at": "2024-12-09T19:19:06.127Z",
            "name": "Bergkse",
            "slug": "bergkse",
            "description": "",
            "physical_density": 1.0,
            "physical_viscosity": "solid",
            "ingredient_ref": null,
            "fdc_id": null,
            "nan_art_id_rewe": null,
            "ean": null,
            "major_class": "Baked Products",
            "meta_info": 3,
            "child_frendly_score": 1,
            "scout_frendly_score": 1,
            "created_by": null,
            "intolerances": []
        }
    },
    {
        "model": "food.ingredient",
        "pk": 3,
        "fields": {
            "created_at": "2024-12-09T19:20:50.088Z",
            "updated_at": "2024-12-09T19:20:50.088Z",
            "name": "Nudeln",
            "slug": "nudeln",
            "description": "",
            "physical_density": 1.0,
            "physical_viscosity": "solid",
            "ingredient_ref": null,
            "fdc_id": null,
            "nan_art_id_rewe": null,
            "ean": null,
            "major_class": "Baked Products",
            "meta_info": 5,
            "child_frendly_score": 1,
            "scout_frendly_score": 1,
            "created_by": null,
            "intolerances": []
        }
    },
    {
        "model": "food.ingredient",
        "pk": 4,
        "fields": {
            "created_at": "2024-12-09T19:45:25.709Z",
            "updated_at": "2024-12-09T19:45:25.709Z",
            "name": "Brot",
            "slug": "brot",
            "description": "",
            "physical_density": 1.0,
            "physical_viscosity": "solid",
            "ingredient_ref": null,
            "fdc_id": null,
            "nan_art_id_rewe": null,
            "ean": null,
            "major_class": "Baked Products",
            "meta_info": 52,
            "child_frendly_score": 1,
            "scout_frendly_score": 1,
            "created_by": null,
            "intolerances": []
        }
    },
    {
        "model": "food.ingredient",
        "pk": 5,
        "fields": {
            "created_at": "2024-12-09T19:51:15.964Z",
            "updated_at": "2024-12-09T19:51:15.964Z",
            "name": "Fruchtaufstrich Erdbeere",
            "slug": "fruchtaufstrich-erdbeere",
            "description": "",
            "physical_density": 1.0,
            "physical_viscosity": "solid",
            "ingredient_ref": null,
            "fdc_id": null,
            "nan_art_id_rewe": null,
            "ean": null,
            "major_class": "Fruits and Fruit Juices",
            "meta_info": 54,
            "child_frendly_score": 1,
            "scout_frendly_score": 1,
            "created_by": null,
            "intolerances": []
        }
    },
    {
        "model": "food.portion",
        "pk": 1,
        "fields": {
            "created_at": "2024-12-09T19:15:31.835Z",
            "updated_at": "2024-12-09T19:15:31.835Z",
            "measuring_unit": 3,
            "ingredient": 1,
            "quantity": 1.0,
            "rank": 1,
            "meta_info": 2
        }
    },
    {
        "model": "food.portion",
        "pk": 2,
        "fields": {
            "created_at": "2024-12-09T19:19:06.129Z",
            "updated_at": "2024-12-09T19:19:06.129Z",
            "measuring_unit": 3,
            "ingredient": 2,
            "quantity": 1.0,
            "rank": 1,
            "meta_info": 4
        }
    },
    {
        "model": "food.portion",
        "pk": 3,
        "fields": {
            "created_at": "2024-12-09T19:20:50.090Z",
            "updated_at": "2024-12-09T19:20:50.090Z",
            "measuring_unit": 3,
            "ingredient": 3,
            "quantity": 1.0,
            "rank": 1,
            "meta_info": 6
        }
    },
    {
        "model": "food.portion",
        "pk": 4,
        "fields": {
            "created_at": "2024-12-09T19:45:25.711Z",
            "updated_at": "2024-12-09T19:45:25.711Z",
            "measuring_unit": 3,
            "ingredient": 4,
            "quantity": 1.0,
            "rank": 1,
            "meta_info": 53
        }
    },
    {
        "model": "food.portion",
        "pk": 5,
        "fields": {
            "created_at": "2024-12-09T19:51:15.966Z",
            "updated_at": "2024-12-09T19:51:15.966Z",
            "measuring_unit": 3,
            "ingredient": 5,
            "quantity": 1.0,
            "rank": 1,
            "meta_info": 55
        }
    },
    {
        "model": "food.recipe",
        "pk": 1,
        "fields": {
            "created_at": "2024-12-09T19:21:03.442Z",
            "updated_at": "2024-12-09T19:56:30.212Z",
            "name": "Kekse",
            "slug": "sim-52476",
            "description": "Beschreibung",
            "recipe_type": "warm_meal",
            "status": "simulator",
            "meta_info": 7,
            "hints": [],
            "managed_by": []
        }
    },
    {
        "model": "food.recipe",
        "pk": 2,
        "fields": {
            "created_at": "2024-12-09T19:23:33.236Z",
            "updated_at": "2024-12-09T19:26:15.746Z",
            "name": "Nudeln mit Tomatensoe und Kse",
            "slug": "sim-66088",
            "description": "Beschreibung",
            "recipe_type": "warm_meal",
            "status": "user_public",
            "meta_info": 8,
            "hints": [],
            "managed_by": []
        }
    },
    {
        "model": "food.recipe",
        "pk": 3,
        "fields": {
            "created_at": "2024-12-09T19:51:30.983Z",
            "updated_at": "2024-12-09T19:52:26.569Z",
            "name": "Erdbeerbrot",
            "slug": "sim-13800",
            "description": "Beschreibung",
            "recipe_type": "breakfast",
            "status": "user_public",
            "meta_info": 56,
            "hints": [],
            "managed_by": []
        }
    },
    {
        "model": "food.recipeitem",
        "pk": 1,
        "fields": {
            "created_at": "2024-12-09T19:23:55.785Z",
            "updated_at": "2024-12-09T19:24:23.398Z",
            "recipe": 2,
            "portion": 1,
            "quantity": 200.0,
            "meta_info": 9
        }
    },
    {
        "model": "food.recipeitem",
        "pk": 2,
        "fields": {
            "created_at": "2024-12-09T19:24:03.799Z",
            "updated_at": "2024-12-09T19:24:03.799Z",
            "recipe": 2,
            "portion": 2,
            "quantity": 10.0,
            "meta_info": 10
        }
    },
    {
        "model": "food.recipeitem",
        "pk": 3,
        "fields": {
            "created_at": "2024-12-09T19:24:10.192Z",
            "updated_at": "2024-12-09T19:24:10.192Z",
            "recipe": 2,
            "portion": 3,
            "quantity": 125.0,
            "meta_info": 11
        }
    },
    {
        "model": "food.recipeitem",
        "pk": 4,
        "fields": {
            "created_at": "2024-12-09T19:51:42.051Z",
            "updated_at": "2024-12-09T19:51:42.051Z",
            "recipe": 3,
            "portion": 5,
            "quantity": 40.0,
            "meta_info": 57
        }
    },
    {
        "model": "food.recipeitem",
        "pk": 5,
        "fields": {
            "created_at": "2024-12-09T19:51:54.317Z",
            "updated_at": "2024-12-09T19:51:54.317Z",
            "recipe": 3,
            "portion": 4,
            "quantity": 80.0,
            "meta_info": 58
        }
    },
    {
        "model": "food.price",
        "pk": 1,
        "fields": {
            "created_at": "2024-12-09T19:16:40.945Z",
            "updated_at": "2024-12-09T19:16:40.945Z",
            "price_eur": 1.0,
            "name": "Fleischtomaten ca. 250g",
            "portion": 1,
            "quantity": 250.0,
            "retailer": "supermarket",
            "quality": "own"
        }
    },
    {
        "model": "food.price",
        "pk": 2,
        "fields": {
            "created_at": "2024-12-09T19:42:26.967Z",
            "updated_at": "2024-12-09T19:42:26.967Z",
            "price_eur": 2.19,
            "name": "REWE Bio Bergkse 150g",
            "portion": 2,
            "quantity": 150.0,
            "retailer": "discounter",
            "quality": "own"
        }
    },
    {
        "model": "food.price",
        "pk": 3,
        "fields": {
            "created_at": "2024-12-09T19:43:04.952Z",
            "updated_at": "2024-12-09T19:43:04.952Z",
            "price_eur": 0.79,
            "name": "ja! Penne Rigate 500g",
            "portion": 3,
            "quantity": 500.0,
            "retailer": "supermarket",
            "quality": "own"
        }
    },
    {
        "model": "food.price",
        "pk": 4,
        "fields": {
            "created_at": "2024-12-09T19:45:51.791Z",
            "updated_at": "2024-12-09T19:45:51.791Z",
            "price_eur": 1.89,
            "name": "Harry 1688 Weizenmischbrot Unser Mildes 500g",
            "portion": 4,
            "quantity": 500.0,
            "retailer": "supermarket",
            "quality": "own"
        }
    },
    {
        "model": "food.price",
        "pk": 5,
        "fields": {
            "created_at": "2024-12-09T20:19:42.607Z",
            "updated_at": "2024-12-09T20:19:42.607Z",
            "price_eur": 1.29,
            "name": "ja! Fruchtaufstrich Erdbeere 450g",
            "portion": 5,
            "quantity": 450.0,
            "retailer": "supermarket",
            "quality": "own"
        }
    },
    {
        "model": "food.mealeventtemplate",
        "pk": 1,
        "fields": {
            "created_at": "2024-12-09T19:27:09.809Z",
            "updated_at": "2024-12-09T19:27:09.809Z",
            "name": "Hratuga Wochenende",
            "description": "",
            "max_price_eur": 7.0,
            "is_public": false,
            "suit_level": "M",
            "warm_meal": "J",
            "meal_time_options": "SW",
            "child_frendly": "CA",
            "created_by": 1,
            "intolerances": [],
            "template_options": []
        }
    },
    {
        "model": "food.mealevent",
        "pk": 1,
        "fields": {
            "created_at": "2024-12-09T19:27:09.810Z",
            "updated_at": "2024-12-09T19:56:00.614Z",
            "event_name": "Hratuga Wochenende",
            "slug": "hratuga-wochenende-1760",
            "description": null,
            "norm_portions": 1,
            "activity_factor": "Z",
            "meal_event_ref": null,
            "meal_event_template": 1,
            "reserve_factor": 1.0,
            "is_public": false,
            "is_approved": false,
            "meta_info": 12
        }
    },
    {
        "model": "food.mealday",
        "pk": 1,
        "fields": {
            "created_at": "2024-12-09T19:27:09.814Z",
            "updated_at": "2024-12-09T19:27:09.816Z",
            "meal_event": 1,
            "max_day_part_factor": 1.0,
            "is_public": false,
            "meta_info": 13
        }
    },
    {
        "model": "food.mealday",
        "pk": 2,
        "fields": {
            "created_at": "2024-12-09T19:27:09.850Z",
            "updated_at": "2024-12-09T19:27:09.851Z",
            "meal_event": 1,
            "max_day_part_factor": 1.0,
            "is_public": false,
            "meta_info": 26
        }
    },
    {
        "model": "food.mealday",
        "pk": 3,
        "fields": {
            "created_at": "2024-12-09T19:27:09.877Z",
            "updated_at": "2024-12-09T19:27:09.878Z",
            "meal_event": 1,
            "max_day_part_factor": 1.0,
            "is_public": false,
            "meta_info": 39
        }
    },
    {
        "model": "food.meal",
        "pk": 1,
        "fields": {
            "created_at": "2024-12-09T19:27:09.817Z",
            "updated_at": "2024-12-09T19:27:09.819Z",
            "name": "Tagesgetrnke",
            "meal_day": 1,
            "day_part_factor": 1.0,
            "meal_type": "drinks",
            "time_start": null,
            "time_end": null,
            "is_public": false,
            "meta_info": 14
        }
    },
    {
        "model": "food.meal",
        "pk": 2,
        "fields": {
            "created_at": "2024-12-09T19:27:09.823Z",
            "updated_at": "2024-12-09T19:27:09.825Z",
            "name": "Tages-Snacks",
            "meal_day": 1,
            "day_part_factor": 1.0,
            "meal_type": "snacks",
            "time_start": null,
            "time_end": null,
            "is_public": false,
            "meta_info": 16
        }
    },
    {
        "model": "food.meal",
        "pk": 3,
        "fields": {
            "created_at": "2024-12-09T19:27:09.828Z",
            "updated_at": "2024-12-09T19:27:09.830Z",
            "name": "Frhstck",
            "meal_day": 1,
            "day_part_factor": 1.0,
            "meal_type": "breakfast",
            "time_start": "07:00:00",
            "time_end": "08:00:00",
            "is_public": false,
            "meta_info": 18
        }
    },
    {
        "model": "food.meal",
        "pk": 4,
        "fields": {
            "created_at": "2024-12-09T19:27:09.833Z",
            "updated_at": "2024-12-09T19:27:09.835Z",
            "name": "Mittagessen",
            "meal_day": 1,
            "day_part_factor": 1.0,
            "meal_type": "lunch",
            "time_start": "12:00:00",
            "time_end": "13:00:00",
            "is_public": false,
            "meta_info": 20
        }
    },
    {
        "model": "food.meal",
        "pk": 5,
        "fields": {
            "created_at": "2024-12-09T19:27:09.839Z",
            "updated_at": "2024-12-09T19:27:09.841Z",
            "name": "Abendessen",
            "meal_day": 1,
            "day_part_factor": 1.0,
            "meal_type": "dinner",
            "time_start": "18:00:00",
            "time_end": "19:00:00",
            "is_public": false,
            "meta_info": 22
        }
    },
    {
        "model": "food.meal",
        "pk": 6,
        "fields": {
            "created_at": "2024-12-09T19:27:09.845Z",
            "updated_at": "2024-12-09T19:27:09.846Z",
            "name": "Abend-Snacks",
            "meal_day": 1,
            "day_part_factor": 1.0,
            "meal_type": "evening_snacks",
            "time_start": "21:00:00",
            "time_end": "22:00:00",
            "is_public": false,
            "meta_info": 24
        }
    },
    {
        "model": "food.meal",
        "pk": 7,
        "fields": {
            "created_at": "2024-12-09T19:27:09.852Z",
            "updated_at": "2024-12-09T19:27:09.853Z",
            "name": "Tagesgetrnke",
            "meal_day": 2,
            "day_part_factor": 1.0,
            "meal_type": "drinks",
            "time_start": null,
            "time_end": null,
            "is_public": false,
            "meta_info": 27
        }
    },
    {
        "model": "food.meal",
        "pk": 8,
        "fields": {
            "created_at": "2024-12-09T19:27:09.856Z",
            "updated_at": "2024-12-09T19:27:09.858Z",
            "name": "Tages-Snacks",
            "meal_day": 2,
            "day_part_factor": 1.0,
            "meal_type": "snacks",
            "time_start": null,
            "time_end": null,
            "is_public": false,
            "meta_info": 29
        }
    },
    {
        "model": "food.meal",
        "pk": 9,
        "fields": {
            "created_at": "2024-12-09T19:27:09.860Z",
            "updated_at": "2024-12-09T19:27:09.862Z",
            "name": "Frhstck",
            "meal_day": 2,
            "day_part_factor": 1.0,
            "meal_type": "breakfast",
            "time_start": "07:00:00",
            "time_end": "08:00:00",
            "is_public": false,
            "meta_info": 31
        }
    },
    {
        "model": "food.meal",
        "pk": 10,
        "fields": {
            "created_at": "2024-12-09T19:27:09.865Z",
            "updated_at": "2024-12-09T19:27:09.867Z",
            "name": "Mittagessen",
            "meal_day": 2,
            "day_part_factor": 1.0,
            "meal_type": "lunch",
            "time_start": "12:00:00",
            "time_end": "13:00:00",
            "is_public": false,
            "meta_info": 33
        }
    },
    {
        "model": "food.meal",
        "pk": 11,
        "fields": {
            "created_at": "2024-12-09T19:27:09.869Z",
            "updated_at": "2024-12-09T19:27:09.871Z",
            "name": "Abendessen",
            "meal_day": 2,
            "day_part_factor": 1.0,
            "meal_type": "dinner",
            "time_start": "18:00:00",
            "time_end": "19:00:00",
            "is_public": false,
            "meta_info": 35
        }
    },
    {
        "model": "food.meal",
        "pk": 12,
        "fields": {
            "created_at": "2024-12-09T19:27:09.873Z",
            "updated_at": "2024-12-09T19:27:09.874Z",
            "name": "Abend-Snacks",
            "meal_day": 2,
            "day_part_factor": 1.0,
            "meal_type": "evening_snacks",
            "time_start": "21:00:00",
            "time_end": "22:00:00",
            "is_public": false,
            "meta_info": 37
        }
    },
    {
        "model": "food.meal",
        "pk": 13,
        "fields": {
            "created_at": "2024-12-09T19:27:09.879Z",
            "updated_at": "2024-12-09T19:27:09.880Z",
            "name": "Tagesgetrnke",
            "meal_day": 3,
            "day_part_factor": 1.0,
            "meal_type": "drinks",
            "time_start": null,
            "time_end": null,
            "is_public": false,
            "meta_info": 40
        }
    },
    {
        "model": "food.meal",
        "pk": 14,
        "fields": {
            "created_at": "2024-12-09T19:27:09.882Z",
            "updated_at": "2024-12-09T19:27:09.883Z",
            "name": "Tages-Snacks",
            "meal_day": 3,
            "day_part_factor": 1.0,
            "meal_type": "snacks",
            "time_start": null,
            "time_end": null,
            "is_public": false,
            "meta_info": 42
        }
    },
    {
        "model": "food.meal",
        "pk": 15,
        "fields": {
            "created_at": "2024-12-09T19:27:09.885Z",
            "updated_at": "2024-12-09T19:27:09.886Z",
            "name": "Frhstck",
            "meal_day": 3,
            "day_part_factor": 1.0,
            "meal_type": "breakfast",
            "time_start": "07:00:00",
            "time_end": "08:00:00",
            "is_public": false,
            "meta_info": 44
        }
    },
    {
        "model": "food.meal",
        "pk": 16,
        "fields": {
            "created_at": "2024-12-09T19:27:09.888Z",
            "updated_at": "2024-12-09T19:27:09.889Z",
            "name": "Mittagessen",
            "meal_day": 3,
            "day_part_factor": 1.0,
            "meal_type": "lunch",
            "time_start": "12:00:00",
            "time_end": "13:00:00",
            "is_public": false,
            "meta_info": 46
        }
    },
    {
        "model": "food.meal",
        "pk": 17,
        "fields": {
            "created_at": "2024-12-09T19:27:09.892Z",
            "updated_at": "2024-12-09T19:27:09.893Z",
            "name": "Abendessen",
            "meal_day": 3,
            "day_part_factor": 1.0,
            "meal_type": "dinner",
            "time_start": "18:00:00",
            "time_end": "19:00:00",
            "is_public": false,
            "meta_info": 48
        }
    },
    {
        "model": "food.meal",
        "pk": 18,
        "fields": {
            "created_at": "2024-12-09T19:27:09.896Z",
            "updated_at": "2024-12-09T19:27:09.897Z",
            "name": "Abend-Snacks",
            "meal_day": 3,
            "day_part_factor": 1.0,
            "meal_type": "evening_snacks",
            "time_start": "21:00:00",
            "time_end": "22:00:00",
            "is_public": false,
            "meta_info": 50
        }
    },
    {
        "model": "food.mealitem",
        "pk": 1,
        "fields": {
            "created_at": "2024-12-09T19:27:09.821Z",
            "updated_at": "2024-12-09T19:27:09.822Z",
            "recipe": 2,
            "meal": 1,
            "factor": 1.0
        }
    },
    {
        "model": "food.mealitem",
        "pk": 2,
        "fields": {
            "created_at": "2024-12-09T19:27:09.826Z",
            "updated_at": "2024-12-09T19:27:09.827Z",
            "recipe": 1,
            "meal": 2,
            "factor": 1.0
        }
    },
    {
        "model": "food.mealitem",
        "pk": 3,
        "fields": {
            "created_at": "2024-12-09T19:27:09.831Z",
            "updated_at": "2024-12-09T19:57:23.316Z",
            "recipe": 3,
            "meal": 3,
            "factor": 1.0
        }
    },
    {
        "model": "food.mealitem",
        "pk": 4,
        "fields": {
            "created_at": "2024-12-09T19:27:09.836Z",
            "updated_at": "2024-12-09T19:27:09.838Z",
            "recipe": 1,
            "meal": 4,
            "factor": 1.0
        }
    },
    {
        "model": "food.mealitem",
        "pk": 5,
        "fields": {
            "created_at": "2024-12-09T19:27:09.842Z",
            "updated_at": "2024-12-09T19:27:09.844Z",
            "recipe": 1,
            "meal": 5,
            "factor": 1.0
        }
    },
    {
        "model": "food.mealitem",
        "pk": 6,
        "fields": {
            "created_at": "2024-12-09T19:27:09.847Z",
            "updated_at": "2024-12-09T19:27:09.849Z",
            "recipe": 1,
            "meal": 6,
            "factor": 1.0
        }
    },
    {
        "model": "food.mealitem",
        "pk": 7,
        "fields": {
            "created_at": "2024-12-09T19:27:09.854Z",
            "updated_at": "2024-12-09T19:27:09.856Z",
            "recipe": 1,
            "meal": 7,
            "factor": 1.0
        }
    },
    {
        "model": "food.mealitem",
        "pk": 8,
        "fields": {
            "created_at": "2024-12-09T19:27:09.858Z",
            "updated_at": "2024-12-09T19:27:09.860Z",
            "recipe": 1,
            "meal": 8,
            "factor": 1.0
        }
    },
    {
        "model": "food.mealitem",
        "pk": 9,
        "fields": {
            "created_at": "2024-12-09T19:27:09.863Z",
            "updated_at": "2024-12-09T19:57:18.719Z",
            "recipe": 3,
            "meal": 9,
            "factor": 1.0
        }
    },
    {
        "model": "food.mealitem",
        "pk": 10,
        "fields": {
            "created_at": "2024-12-09T19:27:09.867Z",
            "updated_at": "2024-12-09T19:27:09.869Z",
            "recipe": 2,
            "meal": 10,
            "factor": 1.0
        }
    },
    {
        "model": "food.mealitem",
        "pk": 11,
        "fields": {
            "created_at": "2024-12-09T19:27:09.871Z",
            "updated_at": "2024-12-09T19:27:09.872Z",
            "recipe": 1,
            "meal": 11,
            "factor": 1.0
        }
    },
    {
        "model": "food.mealitem",
        "pk": 12,
        "fields": {
            "created_at": "2024-12-09T19:27:09.875Z",
            "updated_at": "2024-12-09T19:27:09.876Z",
            "recipe": 2,
            "meal": 12,
            "factor": 1.0
        }
    },
    {
        "model": "food.mealitem",
        "pk": 13,
        "fields": {
            "created_at": "2024-12-09T19:27:09.880Z",
            "updated_at": "2024-12-09T19:27:09.881Z",
            "recipe": 1,
            "meal": 13,
            "factor": 1.0
        }
    },
    {
        "model": "food.mealitem",
        "pk": 14,
        "fields": {
            "created_at": "2024-12-09T19:27:09.883Z",
            "updated_at": "2024-12-09T19:27:09.884Z",
            "recipe": 1,
            "meal": 14,
            "factor": 1.0
        }
    },
    {
        "model": "food.mealitem",
        "pk": 15,
        "fields": {
            "created_at": "2024-12-09T19:27:09.887Z",
            "updated_at": "2024-12-09T19:57:10.034Z",
            "recipe": 3,
            "meal": 15,
            "factor": 1.0
        }
    },
    {
        "model": "food.mealitem",
        "pk": 16,
        "fields": {
            "created_at": "2024-12-09T19:27:09.890Z",
            "updated_at": "2024-12-09T19:27:09.891Z",
            "recipe": 1,
            "meal": 16,
            "factor": 1.0
        }
    },
    {
        "model": "food.mealitem",
        "pk": 17,
        "fields": {
            "created_at": "2024-12-09T19:27:09.894Z",
            "updated_at": "2024-12-09T19:27:09.895Z",
            "recipe": 2,
            "meal": 17,
            "factor": 1.0
        }
    },
    {
        "model": "food.mealitem",
        "pk": 18,
        "fields": {
            "created_at": "2024-12-09T19:27:09.898Z",
            "updated_at": "2024-12-09T19:27:09.899Z",
            "recipe": 1,
            "meal": 18,
            "factor": 1.0
        }
    }
]